{"cameraMode":{"drawMode":0,"name":"Shaded","section":"Shading Mode"},"sceneLighting":true,"audioPlay":false,"sceneViewState":{"showFog":true,"showMaterialUpdate":false,"showSkybox":true,"showFlares":true,"showImageEffects":true,"showParticleSystems":true},"in2DMode":false,"pivot":{"x":11.324396133422852,"y":-9.121500968933106,"z":8.658334732055664},"rotation":{"x":-0.3202386200428009,"y":-0.29383572936058047,"z":0.1052011102437973,"w":-0.8944498896598816},"size":20.611024856567384,"orthographic":false}